[{"id":"p1","name":"Aero Bottle","price":499,"cat":"Home","desc":"Insulated stainless steel bottle.","image":"images/p1.svg"},{"id":"p2","name":"Glow Lamp","price":1299,"cat":"Home","desc":"Dimmable bedside lamp.","image":"images/p2.svg"},{"id":"p3","name":"Fit Band","price":1999,"cat":"Electronics","desc":"Tracks steps, sleep, and heart rate.","image":"images/p3.svg"},{"id":"p4","name":"Noise Cancelling Earbuds","price":2999,"cat":"Electronics","desc":"Clear sound with long battery.","image":"images/p4.svg"},{"id":"p5","name":"Canvas Tote","price":799,"cat":"Fashion","desc":"Durable everyday carry bag.","image":"images/p5.svg"},{"id":"p6","name":"Trail Sneakers","price":2499,"cat":"Fashion","desc":"Lightweight and breathable.","image":"images/p6.svg"}]